Workbook

Sheet Платные услуги
A1: ДОГОВОР №
A2: возмездного оказания медицинских услуг
A3: г. Гомель | G3: 45793
A4: Учреждение «Гомельская областная специализированная клиническая больница», именуемое в дальнейшем «Исполнитель», в лице кассира бухгалтерии Попе-
A5: лухиной Т.В., действующей на основании доверенности № 06/6-1 от 03.03.2025г., с одной стороны и гражданин (ка)
A6: именуемый (ая) в дальнейшем «Заказчик», действующий (ая) на основании собственного волеизъвления, с другой стороны, заключили настоящий договор о
A7: нижеследующем:
A8: 1. Предмет договора
A9: 1.1. Заказчик поручает, а Исполнитель обязуется в соответсвии с условиями договора оказать платные медицинские услуги в следующем объеме:
A10: № пункта прейскуранта | B10: Наименование медицинских услуг | C10: Кол-во | D10: Тариф | E10: Стоимость основных и вспомогательных материалов | F10: в том числе НДС по материалам, 10% | G10: Всего, руб.
B23: ИТОГО: | D23: =SUM(D11:D22) -> 0 | E23: =SUM(E11:E22) -> 0 | F23: =SUM(F11:F22) -> 0 | G23: =SUM(G11:G22) -> 0
A24: 1.2. Исполнитель самостоятельно назначает время и очередность приема пациентов, определяет необходимость и сроки, виды оказания медицинских услуг, применяемые лекарственные средства, изделия медицинского назначения и другие расходные материалы.
A25: 2. Стоимость услуг и порядок расчетов
A26: 2.1.Стоимость услуг, предоставляемых Заказчику, определяется в соответствии с прейскурантом цен, разработанным в соответствии с законодательством
A27: Республики Беларусь и утвержденным Исполнитетелем. На момент подписания настоящего договора стоимость услуг составляет: | G27: =G23 -> 0
A28: Ноль рублей 00 копеек
A29: 2.2. Заказчик дополнительно оплачивает лекарственные средства, изделия медицинского назначения и другие материалы, использованные при оказании платных медицинских услуг.
A30: 2.3. До начала оказания услуг Заказчик производит предоплату в размере 100% стоимости услуг, указанных в п. 1.1. договора.
A31: 2.4.Актом выполненных услуг по настоящему договору является сам договор.
A32: 2.5.При уменьшении объема медицинских услуг или отказе Заказчика от оказания части медицинских услуг Исполнитель обязан произвести возврат денежных средств за медицинские услуги, которые не были оказаны Заказчику не позднее 5 банковских дней со дня подачи заявления. Основанием для возврата денежных средств является предоставление Исполнителю соответствующего заявления с приложением оригинала чека за оплаченную медицинскую услугу и настоящего договора.
A33: 3. Права и обязанности сторон
A34: 3.1. Исполнитель обязан:
A35: 3.1.1. обеспечить соответствие оказываемых платных медицинсикх услуг требованиям, установленным законодательствам Республики Беларусь;
A36: 3.1.2. выдать Заказчику документ, подтверждающий прием наличных денежных средств, в соответствии с законодательством Республики Беларусь;
A37: 3.1.3. проводить контроль качества оказания платных медицинских услуг в пределах должностных обязанностей ответственных лиц Исполнителя.
A38: 3.2. Заказчик обязан:
A39: 3.2.1. до начала оказания медицинских услуг предоставить Исполнителю информацию о состоянии здоровья (перенесенных и имеющихся заболеваниях, операциях, травмах, проведенных ранее обследованиях и лечении, наличии аллергических реакций, иных обстоятельствах), которая необходима для правильной постановки диагноза, выбора плана оказания услуг и которая может повлиять на результат и качество оказываемых услуг;
... A55: 5.3.Настоящий договор составлен в двух экземплярах имеющих равную юридическую силу, один экземпляр находится у Исполнителя, второй - у Заказчика.
A57: «ИСПОЛНИТЕЛЬ» | D57: «ЗАКАЗЧИК»
A58: Учреждение "Гомельская областная специализированная клиническая больница" | D58: Паспорт № | E58: НВ
A59: 246041, г.Гомель, ул. Медицинская, 6 | D59: Кем выдан | E59: Советстким РОВД
A60: BY82АКВВ36324003500053000000 | D60: Дата выдачи
A61: фил. 300 АСБ "Беларусбанк" BIC АКBBBY21300 | D61: Дом. адрес
A62: УНН 400079708
D64: =E5 -> 0
B65: (подпись) | F65: (подпись)

Sheet Копия договора
A1: Учреждение "Гомельская областная специализированная клиническая больница"
A2: 246041, г.Гомель, ул. Медицинская, 6
A3: КОПИЯ ЧЕКА б/н
A4: ='Платные услуги'!G3 -> 45793
A5: Дана | B5: {='Платные услуги'!E5:G5} -> 0 | C5: 0 | D5: 0
A7: № пункта прейскуранта | B7: Наименование медицинских услуг | C7: Кол-во | D7: Тариф | E7: Стоимость основных и вспомогательных материалов | F7: в том числе НДС по материалам, 10% | G7: Всего, руб.
A8: =IF('Платные услуги'!A11<>"",'Платные услуги'!A11,"") | B8: ='Платные услуги'!B11 -> 0 | C8: ='Платные услуги'!C11 -> 0 | D8: ='Платные услуги'!D11 -> 0 | E8: ='Платные услуги'!E11 -> 0 | F8: ='Платные услуги'!F11 -> 0 | G8: ='Платные услуги'!G11 -> 0
A9: =IF('Платные услуги'!A12<>"",'Платные услуги'!A12,"") | B9: ='Платные услуги'!B12 -> 0 | C9: ='Платные услуги'!C12 -> 0 | D9: ='Платные услуги'!D12 -> 0 | E9: ='Платные услуги'!E12 -> 0 | F9: ='Платные услуги'!F12 -> 0 | G9: ='Платные услуги'!G12 -> 0
A10: =IF('Платные услуги'!A13<>"",'Платные услуги'!A13,"") | B10: ='Платные услуги'!B13 -> 0 | C10: ='Платные услуги'!C13 -> 0 | D10: ='Платные услуги'!D13 -> 0 | E10: ='Платные услуги'!E13 -> 0 | F10: ='Платные услуги'!F13 -> 0 | G10: ='Платные услуги'!G13 -> 0
A11: =IF('Платные услуги'!A14<>"",'Платные услуги'!A14,"") | B11: ='Платные услуги'!B14 -> 0 | C11: ='Платные услуги'!C14 -> 0 | D11: ='Платные услуги'!D14 -> 0 | E11: ='Платные услуги'!E14 -> 0 | F11: ='Платные услуги'!F14 -> 0 | G11: ='Платные услуги'!G14 -> 0
A12: =IF('Платные услуги'!A15<>"",'Платные услуги'!A15,"") | B12: ='Платные услуги'!B15 -> 0 | C12: ='Платные услуги'!C15 -> 0 | D12: ='Платные услуги'!D15 -> 0 | E12: ='Платные услуги'!E15 -> 0 | F12: ='Платные услуги'!F15 -> 0 | G12: ='Платные услуги'!G15 -> 0
A13: =IF('Платные услуги'!A16<>"",'Платные услуги'!A16,"") | B13: ='Платные услуги'!B16 -> 0 | C13: ='Платные услуги'!C16 -> 0 | D13: ='Платные услуги'!D16 -> 0 | E13: ='Платные услуги'!E16 -> 0 | F13: ='Платные услуги'!F16 -> 0 | G13: ='Платные услуги'!G16 -> 0
A14: =IF('Платные услуги'!A17<>"",'Платные услуги'!A17,"") | B14: ='Платные услуги'!B17 -> 0 | C14: ='Платные услуги'!C17 -> 0 | D14: ='Платные услуги'!D17 -> 0 | E14: ='Платные услуги'!E17 -> 0 | F14: ='Платные услуги'!F17 -> 0 | G14: ='Платные услуги'!G17 -> 0
A15: =IF('Платные услуги'!A18<>"",'Платные услуги'!A18,"") | B15: ='Платные услуги'!B18 -> 0 | C15: ='Платные услуги'!C18 -> 0 | D15: ='Платные услуги'!D18 -> 0 | E15: ='Платные услуги'!E18 -> 0 | F15: ='Платные услуги'!F18 -> 0 | G15: ='Платные услуги'!G18 -> 0
A16: =IF('Платные услуги'!A19<>"",'Платные услуги'!A19,"") | B16: ='Платные услуги'!B19 -> 0 | C16: ='Платные услуги'!C19 -> 0 | D16: ='Платные услуги'!D19 -> 0 | E16: ='Платные услуги'!E19 -> 0 | F16: ='Платные услуги'!F19 -> 0 | G16: ='Платные услуги'!G19 -> 0
A17: =IF('Платные услуги'!A20<>"",'Платные услуги'!A20,"") | B17: ='Платные услуги'!B20 -> 0 | C17: ='Платные услуги'!C20 -> 0 | D17: ='Платные услуги'!D20 -> 0 | E17: ='Платные услуги'!E20 -> 0 | F17: ='Платные услуги'!F20 -> 0 | G17: ='Платные услуги'!G20 -> 0
A18: =IF('Платные услуги'!A21<>"",'Платные услуги'!A21,"") | B18: ='Платные услуги'!B21 -> 0 | C18: ='Платные услуги'!C21 -> 0 | D18: ='Платные услуги'!D21 -> 0 | E18: ='Платные услуги'!E21 -> 0 | F18: ='Платные услуги'!F21 -> 0 | G18: ='Платные услуги'!G21 -> 0
A19: =IF('Платные услуги'!A22<>"",'Платные услуги'!A22,"") | B19: ='Платные услуги'!B22 -> 0 | C19: ='Платные услуги'!C22 -> 0 | D19: ='Платные услуги'!D22 -> 0 | E19: ='Платные услуги'!E22 -> 0 | F19: ='Платные услуги'!F22 -> 0 | G19: ='Платные услуги'!G22 -> 0
B20: ИТОГО: | E20: =SUM(E8:E19) -> 0 | F20: =SUM(F8:F19) -> 0 | G20: =SUM(G8:G19) -> 0
A21: Всего на сумму: | C21: =G20 -> 0
A22: ='Платные услуги'!A28 -> Ноль рублей 00 копеек
A25: Кассир | C25: Попелухина Т.В.
